{
  "urls": [
    "../assets/audio/audiosprite.mp3",
    "../assets/audio/audiosprite.ogg"
  ],
  "sprite": {
    "btn_click": [
      0,
      653.0612244897959
    ],
    "card_reveal_1": [
      2000,
      589.1609977324262
    ],
    "card_reveal_2": [
      4000,
      341.76870748299314
    ],
    "card_reveal_3": [
      6000,
      725.714285714286
    ],
    "cards_in": [
      8000,
      84.2403628117907
    ],
    "cards_out": [
      10000,
      133.62811791383143
    ],
    "flush": [
      12000,
      648.0045351473915
    ],
    "puf": [
      14000,
      288.0045351473921
    ],
    "soundtrack": [
      16000,
      49392.10884353741
    ],
    "total_pot_fx": [
      67000,
      914.285714285711
    ]
  }
}