{
  "urls": [
    "assets/audio/audiosprite.mp3",
    "assets/audio/audiosprite.ogg"
  ],
  "sprite": {
    "all_in_1": [
      0,
      815.9863945578231
    ],
    "all_in_2": [
      2000,
      600.0000000000001
    ],
    "all_in_card_reveal": [
      4000,
      540
    ],
    "all_in_fire_fx": [
      6000,
      1087.6870748299314
    ],
    "all_in_last_card_reveal_lose": [
      9000,
      3057.006802721089
    ],
    "all_in_last_card_reveal_win": [
      14000,
      1854.6938775510214
    ],
    "all_in_sequence": [
      17000,
      5247.437641723355
    ],
    "banana_bla_1": [
      24000,
      1071.020408163264
    ],
    "banana_bla_2": [
      27000,
      731.4285714285732
    ],
    "banana_bla_3": [
      29000,
      757.5510204081617
    ],
    "banana_bla_4": [
      31000,
      719.9999999999989
    ],
    "banana_bla_5": [
      33000,
      757.5510204081652
    ],
    "banana_bla_6": [
      35000,
      840.0000000000034
    ],
    "banana_blind_raise_1": [
      37000,
      1439.9999999999977
    ],
    "banana_blind_raise_2": [
      40000,
      1752.0181405895698
    ],
    "banana_blind_raise_3": [
      43000,
      1584.0136054421805
    ],
    "banana_boing": [
      46000,
      215.98639455782376
    ],
    "banana_crazy_blind_1": [
      48000,
      719.9999999999989
    ],
    "banana_crazy_blind_2": [
      50000,
      1104.0136054421764
    ],
    "banana_crazy_blind_3": [
      53000,
      912.0181405895664
    ],
    "banana_crazy_blind_4": [
      55000,
      1079.9999999999982
    ],
    "banana_crazy_blind_5": [
      58000,
      792.0181405895689
    ],
    "banana_eliminacion": [
      60000,
      2255.9863945578227
    ],
    "banana_pajarita_fx": [
      64000,
      1854.6938775510143
    ],
    "banana_popcorn_chew": [
      67000,
      384.01360544217766
    ],
    "banana_victory_1": [
      69000,
      966.5306122448953
    ],
    "banana_victory_2": [
      71000,
      2194.285714285712
    ],
    "banana_victory_3": [
      75000,
      4780.408163265307
    ],
    "banana_victory_bluff": [
      81000,
      1104.0136054421764
    ],
    "banana_you_lose": [
      84000,
      3359.9999999999995
    ],
    "banana_you_lose_extra_fx": [
      89000,
      10415.98639455782
    ],
    "btn_click": [
      101000,
      653.0612244897895
    ],
    "call_1": [
      103000,
      864.0136054421816
    ],
    "call_2": [
      105000,
      768.0045351473979
    ],
    "call_3": [
      107000,
      864.0136054421816
    ],
    "card_reveal_1": [
      109000,
      589.1609977324208
    ],
    "card_reveal_2": [
      111000,
      341.7687074829985
    ],
    "card_reveal_3": [
      113000,
      725.7142857142895
    ],
    "cards_in": [
      115000,
      84.24036281179781
    ],
    "cards_out": [
      117000,
      133.62811791382967
    ],
    "check_1": [
      119000,
      599.9999999999943
    ],
    "check_2": [
      121000,
      648.0045351473933
    ],
    "check_burger-teen": [
      123000,
      695.9863945578206
    ],
    "check_demon": [
      125000,
      504.0136054421822
    ],
    "check_moai": [
      127000,
      1488.0045351473825
    ],
    "check_monkey": [
      130000,
      792.0181405895619
    ],
    "check_richMan": [
      132000,
      864.0136054421816
    ],
    "check_sloth": [
      134000,
      1824.0136054421896
    ],
    "check_zombie": [
      137000,
      1560.0000000000023
    ],
    "confetti": [
      140000,
      1985.306122448975
    ],
    "correct_guess": [
      143000,
      2495.9863945578318
    ],
    "correct_guess_streak": [
      147000,
      2448.0045351473905
    ],
    "flush": [
      151000,
      648.0045351473791
    ],
    "fold_1": [
      153000,
      984.0136054421862
    ],
    "fold_2": [
      155000,
      1152.0181405895755
    ],
    "four_of_a_kind": [
      158000,
      1488.0045351473825
    ],
    "full_house": [
      161000,
      1199.9999999999886
    ],
    "high_card": [
      164000,
      912.0181405895664
    ],
    "loop_rivals_reveal": [
      166000,
      1828.571428571422
    ],
    "pair": [
      169000,
      504.013605442168
    ],
    "player_wins_hand": [
      171000,
      2795.1020408163176
    ],
    "puf": [
      175000,
      288.0045351473939
    ],
    "raise_1": [
      177000,
      1199.9999999999886
    ],
    "raise_2": [
      180000,
      1248.0045351474018
    ],
    "rival_revealed": [
      183000,
      862.0408163265267
    ],
    "rival_wins_hand": [
      185000,
      2455.5102040816337
    ],
    "royal_flush": [
      189000,
      1295.986394557815
    ],
    "soundtrack_hi-lo": [
      192000,
      11859.591836734693
    ],
    "soundtrack_in-game": [
      205000,
      70632.0181405896
    ],
    "soundtrack_splash": [
      277000,
      30335.986394557836
    ],
    "straight": [
      309000,
      815.9863945577968
    ],
    "straight_flush": [
      311000,
      1560.0000000000023
    ],
    "three_of_a_kind": [
      314000,
      1248.0045351474018
    ],
    "total_pot_fx": [
      317000,
      914.285714285711
    ],
    "two_pair": [
      319000,
      959.9999999999795
    ],
    "wrong_guess": [
      321000,
      575.9863945578445
    ]
  }
}